<?xml version="1.0" encoding="utf-8"?>
<manifest xmlns:android="http://schemas.android.com/apk/res/android"
xmlns:tools="http://schemas.android.com/tools"
    package="com.github.bewketut"
    android:versionCode="3"
    android:versionName="3.7" >
<uses-sdk android:minSdkVersion="25" />
<uses-sdk android:targetSdkVersion="29" /> 
<uses-permission android:name="android.permission.MANAGE_EXTERNAL_STORAGE" tools:ignore="ScopedStorage"/>
<uses-permission android:name="android.permission.READ_EXTERNAL_STORAGE" />
<uses-permission android:name="android.permission.WRITE_EXTERNAL_STORAGE" android:maxSdkVersion="29" tools:ignore="ScopedStorage" /> 

<application
    android:icon="@drawable/icon" 
android:requestLegacyExternalStorage="true" android:label="@string/app_name">
<provider android:name="androidx.core.content.FileProvider" android:authorities="com.github.bewketut.fileprovider" android:exported="false" android:grantUriPermissions="true"> <meta-data android:name="android.support.FILE_PROVIDER_PATHS" android:resource="@xml/file_provider_paths" /> </provider>
        <activity
       android:name=".FileManager"
 android:label="@string/app_name" >
            <intent-filter>
                <action android:name="android.intent.action.MAIN" />

                <category android:name="android.intent.category.LAUNCHER" />
            </intent-filter>
        </activity>

    </application>
<uses-permission android:name="android.permission.WRITE_APN_SETTINGS" />
<uses-permission android:name="android.permission.INTERNET" />
<uses-permission android:name="android.permission.CHANGE_WIFI_STATE"/>
<uses-permission android:name="android.permission.ACCESS_WIFI_STATE"/>
<uses-permission android:name="android.permission.ACCESS_NETWORK_STATE"/>
<uses-permission android:name="android.permission.ACCESS_FINE_LOCATION"/>
<uses-permission android:name="android.permission.ACCESS_COARSE_LOCATION"/>
<uses-permission android:name="android.permission.REQUEST_INSTALL_PACKAGES"/>
 
    <uses-permission android:name="android.permission.CHANGE_WIFI_MULTICAST_STATE" />
    
    <uses-permission android:name="android.permission.WRITE_SETTINGS" />

    <permission
        android:name="android.permission.OVERRIDE_WIFI_CONFIG"
        android:protectionLevel="signature|privileged" />
<uses-permission android:name="android.permission.TETHERING_PRIVILEGED"/>
</manifest>
